<?xml version="1.0" encoding="UTF-8"?>

<configuration>


    <property name="LOG_DIR" value="logs"/>
    <property name="LOG_FILE" value="${LOG_DIR}/irctc.log"/>

    <!-- === 2. Console Appender === -->
    <appender name="CONSOLE" class="ch.qos.logback.core.ConsoleAppender">
        <encoder>
            <!-- Color + format -->
            <pattern>%d{HH:mm:ss.SSS} %highlight(%-5level) [%thread] %cyan(%logger{36}) - %msg%n</pattern>
<!--            <pattern>{"timestamp":"%d{ISO8601}","level":"%level","thread":"%thread","logger":"%logger","message":"%msg"}%n</pattern>-->
        </encoder>
    </appender>

    <!-- === 3. File Appender with Rolling Policy === -->
    <appender name="FILE" class="ch.qos.logback.core.rolling.RollingFileAppender">
        <file>${LOG_FILE}</file>
        <rollingPolicy class="ch.qos.logback.core.rolling.TimeBasedRollingPolicy">
            <fileNamePattern>${LOG_DIR}/archived/app-%d{yyyy-MM-dd}.log</fileNamePattern>
            <maxHistory>30</maxHistory> <!-- Keep last 30 days logs -->
        </rollingPolicy>
        <encoder>
            <pattern>%d{yyyy-MM-dd HH:mm:ss} %-5level [%thread] %logger{36} - %msg%n</pattern>
        </encoder>
    </appender>


    <root level="INFO">
        <appender-ref ref="CONSOLE" />
        <appender-ref ref="FILE" />
    </root>

</configuration>